entity_id,slot,tx_count
HkeGtr3nqfrm76gXiXij8KsyE6b9HK2vGFNJFEvBYESB,394768978,274
BNtHBLo1L2vAG7PBQ6mJvWz7GqVPxBnioXsY2Gjtubrg,394768978,23
CVvaeDPR2o7P1eawG5c9TPFLzSXAewwPovPmREaEL4Cm,394768978,10
74Xkp2iLXm315h69sFRiCFjmKnaWkMV8W2LgJwPRSgN5,394768978,4
FZ4MT1HYJHd9GK8D5mJ9f3r7irLaDL5NxBNLjGqrLqs9,394768978,3
5ivRNcK1yThcK3koZR1oikAfuNm6rj1LceMskayoVSzc,394768978,4
91oPXTs2oq8VvJpQ5TnvXakFGnnJSpEB6HFWDtSctwMt,394768978,4
4mzLWNgBX67zVwTykNnq96Z6KQLc8UyV5Q35EfVCDifC,394768978,3
PoN1E3VyqwqoGQEhC8ExpkRKTuyhxtGLnHHH3DwbgTU,394768978,4
8cqck84coxk8TGXYBD95QosKCEA6fKwXLevcEv3oGmu8,394768978,3
G1bLKfyNm7zsmmYEL9dyxBvMtxpFcwy2s84bHDj2ZFUY,394768978,3
43Am3PKFeo9cACpqYL5Sk95rpVdxLw3Mc22PqRqZXEW2,394768978,4
2gDeeRa3mwPPtw1CMWPkEhRWo9v5izNBBfEXanr8uibX,394768978,4
6qwYjs5vCSEKaTMBbHinnW8fvdGj1r8cpzPoAV1EHKsw,394768978,3
dxa6QFqLcByyHykLCAW5tv1VYNVQFV3v6oovM2h8inH,394768978,4
HM1KjNaXa4w8K4gCXbieoMh5gUTNeUhg9fvdXMKeBW3L,394768978,3
4QNekaDqrLmUENqkVhGCJrgHziPxkX9kridbKwunx9su,394768978,3
KAoSp3EudGqUBXv46tQoDwbZxSm3iXa9wM2aF4ySbJJ,394768978,3
6yFGGAgYpBxgYPuHW4rv7hJmhKrUiXKyHkpVGaYtKrwE,394768978,3
HpcB5Qg8Y9E73dUkot5e8HkgAJbExsYeUzniY4bCuKac,394768978,7
6y7V8dL673XFzm9QyC5vvh3itWkp7wztahBd2yDqsyrK,394768978,3
CwyVpfmfSiMeCexi3JgUNvaiDfYN14cLDjzT99zcBuD2,394768978,3
SoLiDJGk4WkdinyLiRWjkFbgLUhjL3idGJK8H1rUWqH,394768978,3
B94PGWcxE9iEDov8sZobTkqEY96Yb5gfcsYWSWpQxh6S,394768978,3
juigBT2qetpYpf1iwgjaiWTjryKkY3uUTVAnRFKkqY6,394768978,8
8ebFZA8NPLBZD91CwsG1HWQsa2B5Ludgdyf5Hi3sYhhs,394768978,3
2Rv9npqdWE1mLPsT1r2obn3xtKmA5afkxt8GsWeLnKoc,394768978,9
UMi1r5J3SagSu4HC3waB3YFzbXi82rRSScgW2e8NTfr,394768978,3
8tjFeSApQ85ThoQXT28acfF2KUfQr3TvTdirSkzNnYC7,394768978,6
uxqVAFQfox97HazsPtkKiwhypQH6jEGXkQBHDtXshrk,394768978,3
BCeczqpTRPigndHVJu1KEzno1Uhb4hjrE7ttmAndrV1p,394768978,5
eyeYaqg9e2L6xw7YwsSLm27eWJfhLNAm6ETQm8TXNoK,394768978,5
3cZSHGfNdaULpFAvGbWbxpVwzXB4gHdk8NFucPNR5pgA,394768978,5
9hQqNe3DQTiwhspatewA8EXhz12e6sq5UJVJ2qNRwnTf,394768978,3
6NDen7aDi65apHo8m1Vea4nuS6LyjQeM6pDNqcW4Q5Pg,394768978,5
EdFUcP2f6j9iBg5BqsgJn3WDr1JieiKCo41hZ5Zrsk6w,394768978,4
hy1oMaD3ViyJ8i6w1xjP79zAWBBaRd1zWdTW8zYXnwu,394768978,4
sbidYi7fbif6qNsMpwBKvyF5DKcLCbjaegpADsKqNux,394768978,3
DKSy9mQn63487j7oXHxqmykLEYUA3akTHm1QNPgDLGN8,394768978,3
bookoVmqw4QjVj5BbkFacouadx9M7816wyRkfM7A5Lo,394768978,7
scs1NCSTafrUX6RBx113B9YDCepo1QdEzU8WwEkf25i,394768978,3
HkeGtr3nqfrm76gXiXij8KsyE6b9HK2vGFNJFEvBYESB,394772320,750
BNtHBLo1L2vAG7PBQ6mJvWz7GqVPxBnioXsY2Gjtubrg,394772320,23
74Xkp2iLXm315h69sFRiCFjmKnaWkMV8W2LgJwPRSgN5,394772320,4
2gDeeRa3mwPPtw1CMWPkEhRWo9v5izNBBfEXanr8uibX,394772320,4
FZ4MT1HYJHd9GK8D5mJ9f3r7irLaDL5NxBNLjGqrLqs9,394772320,3
CVvaeDPR2o7P1eawG5c9TPFLzSXAewwPovPmREaEL4Cm,394772320,10
8cqck84coxk8TGXYBD95QosKCEA6fKwXLevcEv3oGmu8,394772320,3
PoN1E3VyqwqoGQEhC8ExpkRKTuyhxtGLnHHH3DwbgTU,394772320,4
HpcB5Qg8Y9E73dUkot5e8HkgAJbExsYeUzniY4bCuKac,394772320,7
6yFGGAgYpBxgYPuHW4rv7hJmhKrUiXKyHkpVGaYtKrwE,394772320,3
43Am3PKFeo9cACpqYL5Sk95rpVdxLw3Mc22PqRqZXEW2,394772320,4
4QNekaDqrLmUENqkVhGCJrgHziPxkX9kridbKwunx9su,394772320,3
6y7V8dL673XFzm9QyC5vvh3itWkp7wztahBd2yDqsyrK,394772320,3
G1bLKfyNm7zsmmYEL9dyxBvMtxpFcwy2s84bHDj2ZFUY,394772320,3
HM1KjNaXa4w8K4gCXbieoMh5gUTNeUhg9fvdXMKeBW3L,394772320,3
2Rv9npqdWE1mLPsT1r2obn3xtKmA5afkxt8GsWeLnKoc,394772320,9
5ivRNcK1yThcK3koZR1oikAfuNm6rj1LceMskayoVSzc,394772320,4
CwyVpfmfSiMeCexi3JgUNvaiDfYN14cLDjzT99zcBuD2,394772320,3
91oPXTs2oq8VvJpQ5TnvXakFGnnJSpEB6HFWDtSctwMt,394772320,4
8tjFeSApQ85ThoQXT28acfF2KUfQr3TvTdirSkzNnYC7,394772320,6
6qwYjs5vCSEKaTMBbHinnW8fvdGj1r8cpzPoAV1EHKsw,394772320,3
4mzLWNgBX67zVwTykNnq96Z6KQLc8UyV5Q35EfVCDifC,394772320,3
juigBT2qetpYpf1iwgjaiWTjryKkY3uUTVAnRFKkqY6,394772320,8
SoLiDJGk4WkdinyLiRWjkFbgLUhjL3idGJK8H1rUWqH,394772320,3
KAoSp3EudGqUBXv46tQoDwbZxSm3iXa9wM2aF4ySbJJ,394772320,3
8ebFZA8NPLBZD91CwsG1HWQsa2B5Ludgdyf5Hi3sYhhs,394772320,3
dxa6QFqLcByyHykLCAW5tv1VYNVQFV3v6oovM2h8inH,394772320,3
UMi1r5J3SagSu4HC3waB3YFzbXi82rRSScgW2e8NTfr,394772320,3
B94PGWcxE9iEDov8sZobTkqEY96Yb5gfcsYWSWpQxh6S,394772320,3
uxqVAFQfox97HazsPtkKiwhypQH6jEGXkQBHDtXshrk,394772320,3
BCeczqpTRPigndHVJu1KEzno1Uhb4hjrE7ttmAndrV1p,394772320,5
3cZSHGfNdaULpFAvGbWbxpVwzXB4gHdk8NFucPNR5pgA,394772320,5
HWMLtrNbiTQH5iE9BQbG8QksRyPHP7zmgRR8gyY55UQy,394772320,3
9hQqNe3DQTiwhspatewA8EXhz12e6sq5UJVJ2qNRwnTf,394772320,3
eyeYaqg9e2L6xw7YwsSLm27eWJfhLNAm6ETQm8TXNoK,394772320,5
6NDen7aDi65apHo8m1Vea4nuS6LyjQeM6pDNqcW4Q5Pg,394772320,5
7zujqoQsFic14ncDYhBSVGvDnqc94rE49c1ZJCHvAtiW,394772320,3
sbidYi7fbif6qNsMpwBKvyF5DKcLCbjaegpADsKqNux,394772320,3
DKSy9mQn63487j7oXHxqmykLEYUA3akTHm1QNPgDLGN8,394772320,3
hy1oMaD3ViyJ8i6w1xjP79zAWBBaRd1zWdTW8zYXnwu,394772320,4
EdFUcP2f6j9iBg5BqsgJn3WDr1JieiKCo41hZ5Zrsk6w,394772320,4
bookoVmqw4QjVj5BbkFacouadx9M7816wyRkfM7A5Lo,394772320,7
scs1NCSTafrUX6RBx113B9YDCepo1QdEzU8WwEkf25i,394772320,3
74Xkp2iLXm315h69sFRiCFjmKnaWkMV8W2LgJwPRSgN5,394777126,4
HkeGtr3nqfrm76gXiXij8KsyE6b9HK2vGFNJFEvBYESB,394777126,1790
BNtHBLo1L2vAG7PBQ6mJvWz7GqVPxBnioXsY2Gjtubrg,394777126,23
CVvaeDPR2o7P1eawG5c9TPFLzSXAewwPovPmREaEL4Cm,394777126,10
FZ4MT1HYJHd9GK8D5mJ9f3r7irLaDL5NxBNLjGqrLqs9,394777126,3
PoN1E3VyqwqoGQEhC8ExpkRKTuyhxtGLnHHH3DwbgTU,394777126,4
5ivRNcK1yThcK3koZR1oikAfuNm6rj1LceMskayoVSzc,394777126,4
91oPXTs2oq8VvJpQ5TnvXakFGnnJSpEB6HFWDtSctwMt,394777126,4
4mzLWNgBX67zVwTykNnq96Z6KQLc8UyV5Q35EfVCDifC,394777126,3
8cqck84coxk8TGXYBD95QosKCEA6fKwXLevcEv3oGmu8,394777126,3
6qwYjs5vCSEKaTMBbHinnW8fvdGj1r8cpzPoAV1EHKsw,394777126,3
2gDeeRa3mwPPtw1CMWPkEhRWo9v5izNBBfEXanr8uibX,394777126,4
43Am3PKFeo9cACpqYL5Sk95rpVdxLw3Mc22PqRqZXEW2,394777126,4
KAoSp3EudGqUBXv46tQoDwbZxSm3iXa9wM2aF4ySbJJ,394777126,3
dxa6QFqLcByyHykLCAW5tv1VYNVQFV3v6oovM2h8inH,394777126,3
G1bLKfyNm7zsmmYEL9dyxBvMtxpFcwy2s84bHDj2ZFUY,394777126,3
4QNekaDqrLmUENqkVhGCJrgHziPxkX9kridbKwunx9su,394777126,3
HM1KjNaXa4w8K4gCXbieoMh5gUTNeUhg9fvdXMKeBW3L,394777126,3
6y7V8dL673XFzm9QyC5vvh3itWkp7wztahBd2yDqsyrK,394777126,3
8ebFZA8NPLBZD91CwsG1HWQsa2B5Ludgdyf5Hi3sYhhs,394777126,7
6yFGGAgYpBxgYPuHW4rv7hJmhKrUiXKyHkpVGaYtKrwE,394777126,3
HpcB5Qg8Y9E73dUkot5e8HkgAJbExsYeUzniY4bCuKac,394777126,7
CwyVpfmfSiMeCexi3JgUNvaiDfYN14cLDjzT99zcBuD2,394777126,3
juigBT2qetpYpf1iwgjaiWTjryKkY3uUTVAnRFKkqY6,394777126,8
SoLiDJGk4WkdinyLiRWjkFbgLUhjL3idGJK8H1rUWqH,394777126,3
B94PGWcxE9iEDov8sZobTkqEY96Yb5gfcsYWSWpQxh6S,394777126,3
2Rv9npqdWE1mLPsT1r2obn3xtKmA5afkxt8GsWeLnKoc,394777126,9
UMi1r5J3SagSu4HC3waB3YFzbXi82rRSScgW2e8NTfr,394777126,3
uxqVAFQfox97HazsPtkKiwhypQH6jEGXkQBHDtXshrk,394777126,3
8tjFeSApQ85ThoQXT28acfF2KUfQr3TvTdirSkzNnYC7,394777126,6
BCeczqpTRPigndHVJu1KEzno1Uhb4hjrE7ttmAndrV1p,394777126,5
9hQqNe3DQTiwhspatewA8EXhz12e6sq5UJVJ2qNRwnTf,394777126,3
eyeYaqg9e2L6xw7YwsSLm27eWJfhLNAm6ETQm8TXNoK,394777126,5
6NDen7aDi65apHo8m1Vea4nuS6LyjQeM6pDNqcW4Q5Pg,394777126,5
3cZSHGfNdaULpFAvGbWbxpVwzXB4gHdk8NFucPNR5pgA,394777126,5
hy1oMaD3ViyJ8i6w1xjP79zAWBBaRd1zWdTW8zYXnwu,394777126,4
bookoVmqw4QjVj5BbkFacouadx9M7816wyRkfM7A5Lo,394777126,7
DKSy9mQn63487j7oXHxqmykLEYUA3akTHm1QNPgDLGN8,394777126,3
EdFUcP2f6j9iBg5BqsgJn3WDr1JieiKCo41hZ5Zrsk6w,394777126,4
sbidYi7fbif6qNsMpwBKvyF5DKcLCbjaegpADsKqNux,394777126,3
scs1NCSTafrUX6RBx113B9YDCepo1QdEzU8WwEkf25i,394777126,3
74Xkp2iLXm315h69sFRiCFjmKnaWkMV8W2LgJwPRSgN5,394777127,4
8ebFZA8NPLBZD91CwsG1HWQsa2B5Ludgdyf5Hi3sYhhs,394777127,7
BNtHBLo1L2vAG7PBQ6mJvWz7GqVPxBnioXsY2Gjtubrg,394777127,23
HkeGtr3nqfrm76gXiXij8KsyE6b9HK2vGFNJFEvBYESB,394777127,1674
CVvaeDPR2o7P1eawG5c9TPFLzSXAewwPovPmREaEL4Cm,394777127,10
FZ4MT1HYJHd9GK8D5mJ9f3r7irLaDL5NxBNLjGqrLqs9,394777127,3
91oPXTs2oq8VvJpQ5TnvXakFGnnJSpEB6HFWDtSctwMt,394777127,4
5ivRNcK1yThcK3koZR1oikAfuNm6rj1LceMskayoVSzc,394777127,4
PoN1E3VyqwqoGQEhC8ExpkRKTuyhxtGLnHHH3DwbgTU,394777127,4
4mzLWNgBX67zVwTykNnq96Z6KQLc8UyV5Q35EfVCDifC,394777127,3
8cqck84coxk8TGXYBD95QosKCEA6fKwXLevcEv3oGmu8,394777127,3
6qwYjs5vCSEKaTMBbHinnW8fvdGj1r8cpzPoAV1EHKsw,394777127,3
HM1KjNaXa4w8K4gCXbieoMh5gUTNeUhg9fvdXMKeBW3L,394777127,3
43Am3PKFeo9cACpqYL5Sk95rpVdxLw3Mc22PqRqZXEW2,394777127,4
2gDeeRa3mwPPtw1CMWPkEhRWo9v5izNBBfEXanr8uibX,394777127,4
4QNekaDqrLmUENqkVhGCJrgHziPxkX9kridbKwunx9su,394777127,3
KAoSp3EudGqUBXv46tQoDwbZxSm3iXa9wM2aF4ySbJJ,394777127,3
dxa6QFqLcByyHykLCAW5tv1VYNVQFV3v6oovM2h8inH,394777127,3
6y7V8dL673XFzm9QyC5vvh3itWkp7wztahBd2yDqsyrK,394777127,3
G1bLKfyNm7zsmmYEL9dyxBvMtxpFcwy2s84bHDj2ZFUY,394777127,3
HpcB5Qg8Y9E73dUkot5e8HkgAJbExsYeUzniY4bCuKac,394777127,7
6yFGGAgYpBxgYPuHW4rv7hJmhKrUiXKyHkpVGaYtKrwE,394777127,3
B94PGWcxE9iEDov8sZobTkqEY96Yb5gfcsYWSWpQxh6S,394777127,3
juigBT2qetpYpf1iwgjaiWTjryKkY3uUTVAnRFKkqY6,394777127,8
CwyVpfmfSiMeCexi3JgUNvaiDfYN14cLDjzT99zcBuD2,394777127,3
SoLiDJGk4WkdinyLiRWjkFbgLUhjL3idGJK8H1rUWqH,394777127,3
2Rv9npqdWE1mLPsT1r2obn3xtKmA5afkxt8GsWeLnKoc,394777127,9
uxqVAFQfox97HazsPtkKiwhypQH6jEGXkQBHDtXshrk,394777127,3
UMi1r5J3SagSu4HC3waB3YFzbXi82rRSScgW2e8NTfr,394777127,3
BCeczqpTRPigndHVJu1KEzno1Uhb4hjrE7ttmAndrV1p,394777127,5
8tjFeSApQ85ThoQXT28acfF2KUfQr3TvTdirSkzNnYC7,394777127,6
eyeYaqg9e2L6xw7YwsSLm27eWJfhLNAm6ETQm8TXNoK,394777127,5
9hQqNe3DQTiwhspatewA8EXhz12e6sq5UJVJ2qNRwnTf,394777127,3
6NDen7aDi65apHo8m1Vea4nuS6LyjQeM6pDNqcW4Q5Pg,394777127,5
3cZSHGfNdaULpFAvGbWbxpVwzXB4gHdk8NFucPNR5pgA,394777127,5
hy1oMaD3ViyJ8i6w1xjP79zAWBBaRd1zWdTW8zYXnwu,394777127,4
DKSy9mQn63487j7oXHxqmykLEYUA3akTHm1QNPgDLGN8,394777127,3
sbidYi7fbif6qNsMpwBKvyF5DKcLCbjaegpADsKqNux,394777127,3
bookoVmqw4QjVj5BbkFacouadx9M7816wyRkfM7A5Lo,394777127,7
EdFUcP2f6j9iBg5BqsgJn3WDr1JieiKCo41hZ5Zrsk6w,394777127,4
scs1NCSTafrUX6RBx113B9YDCepo1QdEzU8WwEkf25i,394777127,3
7zujqoQsFic14ncDYhBSVGvDnqc94rE49c1ZJCHvAtiW,394777127,4
FhNcsWN3NtEXatUHm1KKKXqnsKkMVmgcrEiiQdeYMipr,394777127,4
74Xkp2iLXm315h69sFRiCFjmKnaWkMV8W2LgJwPRSgN5,394777128,4
HkeGtr3nqfrm76gXiXij8KsyE6b9HK2vGFNJFEvBYESB,394777128,767
BNtHBLo1L2vAG7PBQ6mJvWz7GqVPxBnioXsY2Gjtubrg,394777128,23
8cqck84coxk8TGXYBD95QosKCEA6fKwXLevcEv3oGmu8,394777128,3
FhNcsWN3NtEXatUHm1KKKXqnsKkMVmgcrEiiQdeYMipr,394777128,6
5ivRNcK1yThcK3koZR1oikAfuNm6rj1LceMskayoVSzc,394777128,4
FZ4MT1HYJHd9GK8D5mJ9f3r7irLaDL5NxBNLjGqrLqs9,394777128,3
4mzLWNgBX67zVwTykNnq96Z6KQLc8UyV5Q35EfVCDifC,394777128,3
HM1KjNaXa4w8K4gCXbieoMh5gUTNeUhg9fvdXMKeBW3L,394777128,3
CVvaeDPR2o7P1eawG5c9TPFLzSXAewwPovPmREaEL4Cm,394777128,10
KAoSp3EudGqUBXv46tQoDwbZxSm3iXa9wM2aF4ySbJJ,394777128,3
2gDeeRa3mwPPtw1CMWPkEhRWo9v5izNBBfEXanr8uibX,394777128,4
G1bLKfyNm7zsmmYEL9dyxBvMtxpFcwy2s84bHDj2ZFUY,394777128,3
6yFGGAgYpBxgYPuHW4rv7hJmhKrUiXKyHkpVGaYtKrwE,394777128,3
6qwYjs5vCSEKaTMBbHinnW8fvdGj1r8cpzPoAV1EHKsw,394777128,3
43Am3PKFeo9cACpqYL5Sk95rpVdxLw3Mc22PqRqZXEW2,394777128,4
PoN1E3VyqwqoGQEhC8ExpkRKTuyhxtGLnHHH3DwbgTU,394777128,4
6y7V8dL673XFzm9QyC5vvh3itWkp7wztahBd2yDqsyrK,394777128,3
CwyVpfmfSiMeCexi3JgUNvaiDfYN14cLDjzT99zcBuD2,394777128,3
HpcB5Qg8Y9E73dUkot5e8HkgAJbExsYeUzniY4bCuKac,394777128,7
8ebFZA8NPLBZD91CwsG1HWQsa2B5Ludgdyf5Hi3sYhhs,394777128,4
juigBT2qetpYpf1iwgjaiWTjryKkY3uUTVAnRFKkqY6,394777128,8
91oPXTs2oq8VvJpQ5TnvXakFGnnJSpEB6HFWDtSctwMt,394777128,4
B94PGWcxE9iEDov8sZobTkqEY96Yb5gfcsYWSWpQxh6S,394777128,3
4QNekaDqrLmUENqkVhGCJrgHziPxkX9kridbKwunx9su,394777128,3
UMi1r5J3SagSu4HC3waB3YFzbXi82rRSScgW2e8NTfr,394777128,3
dxa6QFqLcByyHykLCAW5tv1VYNVQFV3v6oovM2h8inH,394777128,3
2Rv9npqdWE1mLPsT1r2obn3xtKmA5afkxt8GsWeLnKoc,394777128,9
BCeczqpTRPigndHVJu1KEzno1Uhb4hjrE7ttmAndrV1p,394777128,5
uxqVAFQfox97HazsPtkKiwhypQH6jEGXkQBHDtXshrk,394777128,3
8tjFeSApQ85ThoQXT28acfF2KUfQr3TvTdirSkzNnYC7,394777128,6
eyeYaqg9e2L6xw7YwsSLm27eWJfhLNAm6ETQm8TXNoK,394777128,5
9hQqNe3DQTiwhspatewA8EXhz12e6sq5UJVJ2qNRwnTf,394777128,3
3cZSHGfNdaULpFAvGbWbxpVwzXB4gHdk8NFucPNR5pgA,394777128,5
6NDen7aDi65apHo8m1Vea4nuS6LyjQeM6pDNqcW4Q5Pg,394777128,5
DKSy9mQn63487j7oXHxqmykLEYUA3akTHm1QNPgDLGN8,394777128,3
sbidYi7fbif6qNsMpwBKvyF5DKcLCbjaegpADsKqNux,394777128,3
hy1oMaD3ViyJ8i6w1xjP79zAWBBaRd1zWdTW8zYXnwu,394777128,4
EdFUcP2f6j9iBg5BqsgJn3WDr1JieiKCo41hZ5Zrsk6w,394777128,4
bookoVmqw4QjVj5BbkFacouadx9M7816wyRkfM7A5Lo,394777128,7
scs1NCSTafrUX6RBx113B9YDCepo1QdEzU8WwEkf25i,394777128,3
HkeGtr3nqfrm76gXiXij8KsyE6b9HK2vGFNJFEvBYESB,394777129,1192
BNtHBLo1L2vAG7PBQ6mJvWz7GqVPxBnioXsY2Gjtubrg,394777129,23
CVvaeDPR2o7P1eawG5c9TPFLzSXAewwPovPmREaEL4Cm,394777129,10
8cqck84coxk8TGXYBD95QosKCEA6fKwXLevcEv3oGmu8,394777129,3
8ebFZA8NPLBZD91CwsG1HWQsa2B5Ludgdyf5Hi3sYhhs,394777129,4
5ivRNcK1yThcK3koZR1oikAfuNm6rj1LceMskayoVSzc,394777129,4
74Xkp2iLXm315h69sFRiCFjmKnaWkMV8W2LgJwPRSgN5,394777129,4
2gDeeRa3mwPPtw1CMWPkEhRWo9v5izNBBfEXanr8uibX,394777129,4
91oPXTs2oq8VvJpQ5TnvXakFGnnJSpEB6HFWDtSctwMt,394777129,4
4mzLWNgBX67zVwTykNnq96Z6KQLc8UyV5Q35EfVCDifC,394777129,3
PoN1E3VyqwqoGQEhC8ExpkRKTuyhxtGLnHHH3DwbgTU,394777129,4
6y7V8dL673XFzm9QyC5vvh3itWkp7wztahBd2yDqsyrK,394777129,3
HpcB5Qg8Y9E73dUkot5e8HkgAJbExsYeUzniY4bCuKac,394777129,7
HM1KjNaXa4w8K4gCXbieoMh5gUTNeUhg9fvdXMKeBW3L,394777129,3
FZ4MT1HYJHd9GK8D5mJ9f3r7irLaDL5NxBNLjGqrLqs9,394777129,3
CwyVpfmfSiMeCexi3JgUNvaiDfYN14cLDjzT99zcBuD2,394777129,3
juigBT2qetpYpf1iwgjaiWTjryKkY3uUTVAnRFKkqY6,394777129,8
6yFGGAgYpBxgYPuHW4rv7hJmhKrUiXKyHkpVGaYtKrwE,394777129,3
G1bLKfyNm7zsmmYEL9dyxBvMtxpFcwy2s84bHDj2ZFUY,394777129,3
4QNekaDqrLmUENqkVhGCJrgHziPxkX9kridbKwunx9su,394777129,3
43Am3PKFeo9cACpqYL5Sk95rpVdxLw3Mc22PqRqZXEW2,394777129,4
6qwYjs5vCSEKaTMBbHinnW8fvdGj1r8cpzPoAV1EHKsw,394777129,3
SoLiDJGk4WkdinyLiRWjkFbgLUhjL3idGJK8H1rUWqH,394777129,3
2Rv9npqdWE1mLPsT1r2obn3xtKmA5afkxt8GsWeLnKoc,394777129,9
dxa6QFqLcByyHykLCAW5tv1VYNVQFV3v6oovM2h8inH,394777129,3
KAoSp3EudGqUBXv46tQoDwbZxSm3iXa9wM2aF4ySbJJ,394777129,3
B94PGWcxE9iEDov8sZobTkqEY96Yb5gfcsYWSWpQxh6S,394777129,3
UMi1r5J3SagSu4HC3waB3YFzbXi82rRSScgW2e8NTfr,394777129,3
eyeYaqg9e2L6xw7YwsSLm27eWJfhLNAm6ETQm8TXNoK,394777129,5
BCeczqpTRPigndHVJu1KEzno1Uhb4hjrE7ttmAndrV1p,394777129,5
8tjFeSApQ85ThoQXT28acfF2KUfQr3TvTdirSkzNnYC7,394777129,6
uxqVAFQfox97HazsPtkKiwhypQH6jEGXkQBHDtXshrk,394777129,3
3cZSHGfNdaULpFAvGbWbxpVwzXB4gHdk8NFucPNR5pgA,394777129,5
9hQqNe3DQTiwhspatewA8EXhz12e6sq5UJVJ2qNRwnTf,394777129,3
6NDen7aDi65apHo8m1Vea4nuS6LyjQeM6pDNqcW4Q5Pg,394777129,5
DKSy9mQn63487j7oXHxqmykLEYUA3akTHm1QNPgDLGN8,394777129,3
sbidYi7fbif6qNsMpwBKvyF5DKcLCbjaegpADsKqNux,394777129,3
hy1oMaD3ViyJ8i6w1xjP79zAWBBaRd1zWdTW8zYXnwu,394777129,4
bookoVmqw4QjVj5BbkFacouadx9M7816wyRkfM7A5Lo,394777129,7
EdFUcP2f6j9iBg5BqsgJn3WDr1JieiKCo41hZ5Zrsk6w,394777129,4
scs1NCSTafrUX6RBx113B9YDCepo1QdEzU8WwEkf25i,394777129,3
HkeGtr3nqfrm76gXiXij8KsyE6b9HK2vGFNJFEvBYESB,394777130,1063
8ebFZA8NPLBZD91CwsG1HWQsa2B5Ludgdyf5Hi3sYhhs,394777130,3
8cqck84coxk8TGXYBD95QosKCEA6fKwXLevcEv3oGmu8,394777130,3
AjAubETeBLhebBxLcErmzbavZfqF9bCxkpRAdyJtoi9G,394777130,4
74Xkp2iLXm315h69sFRiCFjmKnaWkMV8W2LgJwPRSgN5,394777130,4
CVvaeDPR2o7P1eawG5c9TPFLzSXAewwPovPmREaEL4Cm,394777130,10
6yFGGAgYpBxgYPuHW4rv7hJmhKrUiXKyHkpVGaYtKrwE,394777130,3
BNtHBLo1L2vAG7PBQ6mJvWz7GqVPxBnioXsY2Gjtubrg,394777130,22
CwyVpfmfSiMeCexi3JgUNvaiDfYN14cLDjzT99zcBuD2,394777130,3
6y7V8dL673XFzm9QyC5vvh3itWkp7wztahBd2yDqsyrK,394777130,3
HpcB5Qg8Y9E73dUkot5e8HkgAJbExsYeUzniY4bCuKac,394777130,7
91oPXTs2oq8VvJpQ5TnvXakFGnnJSpEB6HFWDtSctwMt,394777130,3
8tjFeSApQ85ThoQXT28acfF2KUfQr3TvTdirSkzNnYC7,394777130,6
G1bLKfyNm7zsmmYEL9dyxBvMtxpFcwy2s84bHDj2ZFUY,394777130,3
HM1KjNaXa4w8K4gCXbieoMh5gUTNeUhg9fvdXMKeBW3L,394777130,3
PoN1E3VyqwqoGQEhC8ExpkRKTuyhxtGLnHHH3DwbgTU,394777130,4
5ivRNcK1yThcK3koZR1oikAfuNm6rj1LceMskayoVSzc,394777130,4
FZ4MT1HYJHd9GK8D5mJ9f3r7irLaDL5NxBNLjGqrLqs9,394777130,3
2gDeeRa3mwPPtw1CMWPkEhRWo9v5izNBBfEXanr8uibX,394777130,4
2Rv9npqdWE1mLPsT1r2obn3xtKmA5afkxt8GsWeLnKoc,394777130,8
UMi1r5J3SagSu4HC3waB3YFzbXi82rRSScgW2e8NTfr,394777130,3
4QNekaDqrLmUENqkVhGCJrgHziPxkX9kridbKwunx9su,394777130,3
juigBT2qetpYpf1iwgjaiWTjryKkY3uUTVAnRFKkqY6,394777130,3
43Am3PKFeo9cACpqYL5Sk95rpVdxLw3Mc22PqRqZXEW2,394777130,3
BCeczqpTRPigndHVJu1KEzno1Uhb4hjrE7ttmAndrV1p,394777130,5
uxqVAFQfox97HazsPtkKiwhypQH6jEGXkQBHDtXshrk,394777130,3
HkeGtr3nqfrm76gXiXij8KsyE6b9HK2vGFNJFEvBYESB,394777131,1212
SoLiDJGk4WkdinyLiRWjkFbgLUhjL3idGJK8H1rUWqH,394777131,5
3cZSHGfNdaULpFAvGbWbxpVwzXB4gHdk8NFucPNR5pgA,394777131,10
nSGZ3tv2UhskkPqiB666yDVj7PTi9qKgDqvjHyw5JgM,394777131,3
32jCuWyy4aJjyv4gd4DSGBHmFU5KUSSfqbmPb9GpMin6,394777131,3
hy1oMaD3ViyJ8i6w1xjP79zAWBBaRd1zWdTW8zYXnwu,394777131,8
eyeYaqg9e2L6xw7YwsSLm27eWJfhLNAm6ETQm8TXNoK,394777131,9
DP9iBgK9c7tJYb83KhxQMFNc1LXYu7nE7EhWpEzQnjmg,394777131,4
sTepQGoReJq2tBKStL19DT6nnGHcGiAvFjyYaokLyuM,394777131,4
gVALrRd3xq4D62KJNGDCpMMGz976w2x1Vo79mSNn4bh,394777131,4
EdFUcP2f6j9iBg5BqsgJn3WDr1JieiKCo41hZ5Zrsk6w,394777131,8
scs1NCSTafrUX6RBx113B9YDCepo1QdEzU8WwEkf25i,394777131,6
9hQqNe3DQTiwhspatewA8EXhz12e6sq5UJVJ2qNRwnTf,394777131,5
novaeuhY2JH2WHhc9KVTHDx2cyJZdXJC6faf4CtARZn,394777131,4
icex1C6pnZxznQWiHZZANjGU8nZ8kNquFnjyY7XXrXE,394777131,4
sbidYi7fbif6qNsMpwBKvyF5DKcLCbjaegpADsKqNux,394777131,6
MRGSoA53J7i4WidVHTxawPyKdr26LdVYCywnrUZ6auT,394777131,3
8aPHvzVV91jZF948tykkoF6WfgLHppNfG8Z3V4gCrDix,394777131,4
91oPXTs2oq8VvJpQ5TnvXakFGnnJSpEB6HFWDtSctwMt,394777131,5
bookoVmqw4QjVj5BbkFacouadx9M7816wyRkfM7A5Lo,394777131,14
8ebFZA8NPLBZD91CwsG1HWQsa2B5Ludgdyf5Hi3sYhhs,394777131,5
juigBT2qetpYpf1iwgjaiWTjryKkY3uUTVAnRFKkqY6,394777131,13
6NDen7aDi65apHo8m1Vea4nuS6LyjQeM6pDNqcW4Q5Pg,394777131,9
DKSy9mQn63487j7oXHxqmykLEYUA3akTHm1QNPgDLGN8,394777131,6
6qwYjs5vCSEKaTMBbHinnW8fvdGj1r8cpzPoAV1EHKsw,394777131,5
5ysfTZ42VT1TjnjzQShZSrix7wdVtjXwssocSeYKDs5d,394777131,3
BNtHBLo1L2vAG7PBQ6mJvWz7GqVPxBnioXsY2Gjtubrg,394777131,24
Fudp7uPDYNYQRxoq1Q4JiwJnzyxhVz37bGqRki3PBzS,394777131,4
BeRtYZnaaZLFwYQRPaZcxuuHBmyFBSGP32C8Ls5xnrZP,394777131,4
2Rv9npqdWE1mLPsT1r2obn3xtKmA5afkxt8GsWeLnKoc,394777131,10
4mzLWNgBX67zVwTykNnq96Z6KQLc8UyV5Q35EfVCDifC,394777131,4
43Am3PKFeo9cACpqYL5Sk95rpVdxLw3Mc22PqRqZXEW2,394777131,5
2Le6TjeEescF87qDA8Ftdz6U8Kq6SNVwoLJLhzBCHUr5,394777131,3
CVvaeDPR2o7P1eawG5c9TPFLzSXAewwPovPmREaEL4Cm,394777131,10
MFLKSo4XDfrBf4FByx76zYM2dXSWcigag7ec2bCHTR4,394777131,4
dxa6QFqLcByyHykLCAW5tv1VYNVQFV3v6oovM2h8inH,394777131,6
8augxYLUge2iWmitQMwbcBL5VQEpsM6aJdRofhwpnzyw,394777131,3
KAW1LjxH73tRBd1XsaqsRsgeERFkg4WpdXUSqR4QjkW,394777131,3
BSGMRbK97DcgLe4u4kfNQnmTVZGVnwdtKQBJqWRBTZxU,394777131,3
sfvTq7ojrEc5WdXcHijz676eX1pc5MgoLxbkYSdRDAB,394777131,3
1unarWPGGseFag2WfnoFv8o9P7vTPU8eHex9GinP3eY,394777131,3
B94PGWcxE9iEDov8sZobTkqEY96Yb5gfcsYWSWpQxh6S,394777131,4
KAoSp3EudGqUBXv46tQoDwbZxSm3iXa9wM2aF4ySbJJ,394777131,6
FZ4MT1HYJHd9GK8D5mJ9f3r7irLaDL5NxBNLjGqrLqs9,394777131,3
74Xkp2iLXm315h69sFRiCFjmKnaWkMV8W2LgJwPRSgN5,394777131,4
8cqck84coxk8TGXYBD95QosKCEA6fKwXLevcEv3oGmu8,394777131,3
PoN1E3VyqwqoGQEhC8ExpkRKTuyhxtGLnHHH3DwbgTU,394777131,4
2gDeeRa3mwPPtw1CMWPkEhRWo9v5izNBBfEXanr8uibX,394777131,4
4QNekaDqrLmUENqkVhGCJrgHziPxkX9kridbKwunx9su,394777131,3
5ivRNcK1yThcK3koZR1oikAfuNm6rj1LceMskayoVSzc,394777131,4
G1bLKfyNm7zsmmYEL9dyxBvMtxpFcwy2s84bHDj2ZFUY,394777131,3
CwyVpfmfSiMeCexi3JgUNvaiDfYN14cLDjzT99zcBuD2,394777131,3
6yFGGAgYpBxgYPuHW4rv7hJmhKrUiXKyHkpVGaYtKrwE,394777131,3
HM1KjNaXa4w8K4gCXbieoMh5gUTNeUhg9fvdXMKeBW3L,394777131,3
HpcB5Qg8Y9E73dUkot5e8HkgAJbExsYeUzniY4bCuKac,394777131,7
6y7V8dL673XFzm9QyC5vvh3itWkp7wztahBd2yDqsyrK,394777131,3
UMi1r5J3SagSu4HC3waB3YFzbXi82rRSScgW2e8NTfr,394777131,3
uxqVAFQfox97HazsPtkKiwhypQH6jEGXkQBHDtXshrk,394777131,3
BCeczqpTRPigndHVJu1KEzno1Uhb4hjrE7ttmAndrV1p,394777131,5
8tjFeSApQ85ThoQXT28acfF2KUfQr3TvTdirSkzNnYC7,394777131,5
HkeGtr3nqfrm76gXiXij8KsyE6b9HK2vGFNJFEvBYESB,394777132,767
BNtHBLo1L2vAG7PBQ6mJvWz7GqVPxBnioXsY2Gjtubrg,394777132,23
8ebFZA8NPLBZD91CwsG1HWQsa2B5Ludgdyf5Hi3sYhhs,394777132,3
HM1KjNaXa4w8K4gCXbieoMh5gUTNeUhg9fvdXMKeBW3L,394777132,3
74Xkp2iLXm315h69sFRiCFjmKnaWkMV8W2LgJwPRSgN5,394777132,4
CVvaeDPR2o7P1eawG5c9TPFLzSXAewwPovPmREaEL4Cm,394777132,10
BCeczqpTRPigndHVJu1KEzno1Uhb4hjrE7ttmAndrV1p,394777132,5
4QNekaDqrLmUENqkVhGCJrgHziPxkX9kridbKwunx9su,394777132,3
6yFGGAgYpBxgYPuHW4rv7hJmhKrUiXKyHkpVGaYtKrwE,394777132,3
G1bLKfyNm7zsmmYEL9dyxBvMtxpFcwy2s84bHDj2ZFUY,394777132,3
8tjFeSApQ85ThoQXT28acfF2KUfQr3TvTdirSkzNnYC7,394777132,5
73hojLdq1vZDSxeVQEqVFJ4iwLngdvEJPEpEHkSdv6BZ,394777132,3
2gDeeRa3mwPPtw1CMWPkEhRWo9v5izNBBfEXanr8uibX,394777132,4
2Rv9npqdWE1mLPsT1r2obn3xtKmA5afkxt8GsWeLnKoc,394777132,9
CwyVpfmfSiMeCexi3JgUNvaiDfYN14cLDjzT99zcBuD2,394777132,3
6qwYjs5vCSEKaTMBbHinnW8fvdGj1r8cpzPoAV1EHKsw,394777132,3
PoN1E3VyqwqoGQEhC8ExpkRKTuyhxtGLnHHH3DwbgTU,394777132,4
eyeYaqg9e2L6xw7YwsSLm27eWJfhLNAm6ETQm8TXNoK,394777132,5
3cZSHGfNdaULpFAvGbWbxpVwzXB4gHdk8NFucPNR5pgA,394777132,5
6y7V8dL673XFzm9QyC5vvh3itWkp7wztahBd2yDqsyrK,394777132,3
HpcB5Qg8Y9E73dUkot5e8HkgAJbExsYeUzniY4bCuKac,394777132,7
juigBT2qetpYpf1iwgjaiWTjryKkY3uUTVAnRFKkqY6,394777132,8
uxqVAFQfox97HazsPtkKiwhypQH6jEGXkQBHDtXshrk,394777132,3
8cqck84coxk8TGXYBD95QosKCEA6fKwXLevcEv3oGmu8,394777132,3
FZ4MT1HYJHd9GK8D5mJ9f3r7irLaDL5NxBNLjGqrLqs9,394777132,3
5ivRNcK1yThcK3koZR1oikAfuNm6rj1LceMskayoVSzc,394777132,4
91oPXTs2oq8VvJpQ5TnvXakFGnnJSpEB6HFWDtSctwMt,394777132,4
43Am3PKFeo9cACpqYL5Sk95rpVdxLw3Mc22PqRqZXEW2,394777132,4
6NDen7aDi65apHo8m1Vea4nuS6LyjQeM6pDNqcW4Q5Pg,394777132,4
SoLiDJGk4WkdinyLiRWjkFbgLUhjL3idGJK8H1rUWqH,394777132,4
9hQqNe3DQTiwhspatewA8EXhz12e6sq5UJVJ2qNRwnTf,394777132,3
4mzLWNgBX67zVwTykNnq96Z6KQLc8UyV5Q35EfVCDifC,394777132,3
KAoSp3EudGqUBXv46tQoDwbZxSm3iXa9wM2aF4ySbJJ,394777132,3
B94PGWcxE9iEDov8sZobTkqEY96Yb5gfcsYWSWpQxh6S,394777132,3
dxa6QFqLcByyHykLCAW5tv1VYNVQFV3v6oovM2h8inH,394777132,3
hy1oMaD3ViyJ8i6w1xjP79zAWBBaRd1zWdTW8zYXnwu,394777132,3
bookoVmqw4QjVj5BbkFacouadx9M7816wyRkfM7A5Lo,394777132,5
EdFUcP2f6j9iBg5BqsgJn3WDr1JieiKCo41hZ5Zrsk6w,394777132,4
scs1NCSTafrUX6RBx113B9YDCepo1QdEzU8WwEkf25i,394777132,3
HkeGtr3nqfrm76gXiXij8KsyE6b9HK2vGFNJFEvBYESB,394777133,1097
sbidYi7fbif6qNsMpwBKvyF5DKcLCbjaegpADsKqNux,394777133,5
gVALrRd3xq4D62KJNGDCpMMGz976w2x1Vo79mSNn4bh,394777133,3
UMi1r5J3SagSu4HC3waB3YFzbXi82rRSScgW2e8NTfr,394777133,3
8ebFZA8NPLBZD91CwsG1HWQsa2B5Ludgdyf5Hi3sYhhs,394777133,4
novaeuhY2JH2WHhc9KVTHDx2cyJZdXJC6faf4CtARZn,394777133,3
icex1C6pnZxznQWiHZZANjGU8nZ8kNquFnjyY7XXrXE,394777133,3
hy1oMaD3ViyJ8i6w1xjP79zAWBBaRd1zWdTW8zYXnwu,394777133,5
bookoVmqw4QjVj5BbkFacouadx9M7816wyRkfM7A5Lo,394777133,7
BeRtYZnaaZLFwYQRPaZcxuuHBmyFBSGP32C8Ls5xnrZP,394777133,3
DKSy9mQn63487j7oXHxqmykLEYUA3akTHm1QNPgDLGN8,394777133,6
MFLKSo4XDfrBf4FByx76zYM2dXSWcigag7ec2bCHTR4,394777133,3
6NDen7aDi65apHo8m1Vea4nuS6LyjQeM6pDNqcW4Q5Pg,394777133,4
B94PGWcxE9iEDov8sZobTkqEY96Yb5gfcsYWSWpQxh6S,394777133,3
74Xkp2iLXm315h69sFRiCFjmKnaWkMV8W2LgJwPRSgN5,394777133,4
CVvaeDPR2o7P1eawG5c9TPFLzSXAewwPovPmREaEL4Cm,394777133,10
5ivRNcK1yThcK3koZR1oikAfuNm6rj1LceMskayoVSzc,394777133,4
8cqck84coxk8TGXYBD95QosKCEA6fKwXLevcEv3oGmu8,394777133,3
FZ4MT1HYJHd9GK8D5mJ9f3r7irLaDL5NxBNLjGqrLqs9,394777133,3
BNtHBLo1L2vAG7PBQ6mJvWz7GqVPxBnioXsY2Gjtubrg,394777133,22
43Am3PKFeo9cACpqYL5Sk95rpVdxLw3Mc22PqRqZXEW2,394777133,4
2gDeeRa3mwPPtw1CMWPkEhRWo9v5izNBBfEXanr8uibX,394777133,4
HM1KjNaXa4w8K4gCXbieoMh5gUTNeUhg9fvdXMKeBW3L,394777133,3
AjAubETeBLhebBxLcErmzbavZfqF9bCxkpRAdyJtoi9G,394777133,3
HpcB5Qg8Y9E73dUkot5e8HkgAJbExsYeUzniY4bCuKac,394777133,7
G1bLKfyNm7zsmmYEL9dyxBvMtxpFcwy2s84bHDj2ZFUY,394777133,3
8tjFeSApQ85ThoQXT28acfF2KUfQr3TvTdirSkzNnYC7,394777133,5
2Rv9npqdWE1mLPsT1r2obn3xtKmA5afkxt8GsWeLnKoc,394777133,9
BCeczqpTRPigndHVJu1KEzno1Uhb4hjrE7ttmAndrV1p,394777133,5
6qwYjs5vCSEKaTMBbHinnW8fvdGj1r8cpzPoAV1EHKsw,394777133,3
juigBT2qetpYpf1iwgjaiWTjryKkY3uUTVAnRFKkqY6,394777133,7
4mzLWNgBX67zVwTykNnq96Z6KQLc8UyV5Q35EfVCDifC,394777133,3
4QNekaDqrLmUENqkVhGCJrgHziPxkX9kridbKwunx9su,394777133,3
eyeYaqg9e2L6xw7YwsSLm27eWJfhLNAm6ETQm8TXNoK,394777133,5
BeaCHioStqCEFDFxKwAEzyrUPYxqnBPhJ98gDKeEiTPb,394777133,3
91oPXTs2oq8VvJpQ5TnvXakFGnnJSpEB6HFWDtSctwMt,394777133,4
6y7V8dL673XFzm9QyC5vvh3itWkp7wztahBd2yDqsyrK,394777133,3
CwyVpfmfSiMeCexi3JgUNvaiDfYN14cLDjzT99zcBuD2,394777133,3
6yFGGAgYpBxgYPuHW4rv7hJmhKrUiXKyHkpVGaYtKrwE,394777133,3
PoN1E3VyqwqoGQEhC8ExpkRKTuyhxtGLnHHH3DwbgTU,394777133,4
3cZSHGfNdaULpFAvGbWbxpVwzXB4gHdk8NFucPNR5pgA,394777133,5
uxqVAFQfox97HazsPtkKiwhypQH6jEGXkQBHDtXshrk,394777133,3
EdFUcP2f6j9iBg5BqsgJn3WDr1JieiKCo41hZ5Zrsk6w,394777133,4
HkeGtr3nqfrm76gXiXij8KsyE6b9HK2vGFNJFEvBYESB,394777134,727
BNtHBLo1L2vAG7PBQ6mJvWz7GqVPxBnioXsY2Gjtubrg,394777134,15
B94PGWcxE9iEDov8sZobTkqEY96Yb5gfcsYWSWpQxh6S,394777134,3
74Xkp2iLXm315h69sFRiCFjmKnaWkMV8W2LgJwPRSgN5,394777134,3
CVvaeDPR2o7P1eawG5c9TPFLzSXAewwPovPmREaEL4Cm,394777134,5
HkeGtr3nqfrm76gXiXij8KsyE6b9HK2vGFNJFEvBYESB,394777135,1043
BNtHBLo1L2vAG7PBQ6mJvWz7GqVPxBnioXsY2Gjtubrg,394777135,14
hy1oMaD3ViyJ8i6w1xjP79zAWBBaRd1zWdTW8zYXnwu,394777135,4
HpcB5Qg8Y9E73dUkot5e8HkgAJbExsYeUzniY4bCuKac,394777135,5
43Am3PKFeo9cACpqYL5Sk95rpVdxLw3Mc22PqRqZXEW2,394777135,4
BCeczqpTRPigndHVJu1KEzno1Uhb4hjrE7ttmAndrV1p,394777135,5
CwyVpfmfSiMeCexi3JgUNvaiDfYN14cLDjzT99zcBuD2,394777135,3
3cZSHGfNdaULpFAvGbWbxpVwzXB4gHdk8NFucPNR5pgA,394777135,5
5ivRNcK1yThcK3koZR1oikAfuNm6rj1LceMskayoVSzc,394777135,4
HM1KjNaXa4w8K4gCXbieoMh5gUTNeUhg9fvdXMKeBW3L,394777135,3
sbidYi7fbif6qNsMpwBKvyF5DKcLCbjaegpADsKqNux,394777135,3
2gDeeRa3mwPPtw1CMWPkEhRWo9v5izNBBfEXanr8uibX,394777135,3
EdFUcP2f6j9iBg5BqsgJn3WDr1JieiKCo41hZ5Zrsk6w,394777135,4
4QNekaDqrLmUENqkVhGCJrgHziPxkX9kridbKwunx9su,394777135,3
2Rv9npqdWE1mLPsT1r2obn3xtKmA5afkxt8GsWeLnKoc,394777135,9
G1bLKfyNm7zsmmYEL9dyxBvMtxpFcwy2s84bHDj2ZFUY,394777135,3
6NDen7aDi65apHo8m1Vea4nuS6LyjQeM6pDNqcW4Q5Pg,394777135,5
91oPXTs2oq8VvJpQ5TnvXakFGnnJSpEB6HFWDtSctwMt,394777135,4
CVvaeDPR2o7P1eawG5c9TPFLzSXAewwPovPmREaEL4Cm,394777135,7
FZ4MT1HYJHd9GK8D5mJ9f3r7irLaDL5NxBNLjGqrLqs9,394777135,3
scs1NCSTafrUX6RBx113B9YDCepo1QdEzU8WwEkf25i,394777135,3
juigBT2qetpYpf1iwgjaiWTjryKkY3uUTVAnRFKkqY6,394777135,8
bookoVmqw4QjVj5BbkFacouadx9M7816wyRkfM7A5Lo,394777135,7
PoN1E3VyqwqoGQEhC8ExpkRKTuyhxtGLnHHH3DwbgTU,394777135,3
8tjFeSApQ85ThoQXT28acfF2KUfQr3TvTdirSkzNnYC7,394777135,4
eyeYaqg9e2L6xw7YwsSLm27eWJfhLNAm6ETQm8TXNoK,394777135,4
6yFGGAgYpBxgYPuHW4rv7hJmhKrUiXKyHkpVGaYtKrwE,394777135,3
4mzLWNgBX67zVwTykNnq96Z6KQLc8UyV5Q35EfVCDifC,394777135,3
uxqVAFQfox97HazsPtkKiwhypQH6jEGXkQBHDtXshrk,394777135,3
8ebFZA8NPLBZD91CwsG1HWQsa2B5Ludgdyf5Hi3sYhhs,394777135,4
DKSy9mQn63487j7oXHxqmykLEYUA3akTHm1QNPgDLGN8,394777135,3
KAoSp3EudGqUBXv46tQoDwbZxSm3iXa9wM2aF4ySbJJ,394777135,3
SoLiDJGk4WkdinyLiRWjkFbgLUhjL3idGJK8H1rUWqH,394777135,3
74Xkp2iLXm315h69sFRiCFjmKnaWkMV8W2LgJwPRSgN5,394777135,4
dxa6QFqLcByyHykLCAW5tv1VYNVQFV3v6oovM2h8inH,394777135,3
B94PGWcxE9iEDov8sZobTkqEY96Yb5gfcsYWSWpQxh6S,394777135,3
2fyUpYAHzcFJ4T3KQXC9sdUPVFjMwTsdLzmuzugvNeEj,394777135,3
HkeGtr3nqfrm76gXiXij8KsyE6b9HK2vGFNJFEvBYESB,394777136,1069
BNtHBLo1L2vAG7PBQ6mJvWz7GqVPxBnioXsY2Gjtubrg,394777136,26
SoLiDJGk4WkdinyLiRWjkFbgLUhjL3idGJK8H1rUWqH,394777136,3
3cZSHGfNdaULpFAvGbWbxpVwzXB4gHdk8NFucPNR5pgA,394777136,5
CVvaeDPR2o7P1eawG5c9TPFLzSXAewwPovPmREaEL4Cm,394777136,16
PoN1E3VyqwqoGQEhC8ExpkRKTuyhxtGLnHHH3DwbgTU,394777136,5
EdFUcP2f6j9iBg5BqsgJn3WDr1JieiKCo41hZ5Zrsk6w,394777136,5
A9mvukTd77EbRoBX4ydSCFQHdu5bsRFkNXTTRstA8FAC,394777136,3
74Xkp2iLXm315h69sFRiCFjmKnaWkMV8W2LgJwPRSgN5,394777136,4
CwyVpfmfSiMeCexi3JgUNvaiDfYN14cLDjzT99zcBuD2,394777136,6
2Rv9npqdWE1mLPsT1r2obn3xtKmA5afkxt8GsWeLnKoc,394777136,17
KAoSp3EudGqUBXv46tQoDwbZxSm3iXa9wM2aF4ySbJJ,394777136,4
5ejbTALcBsKQ7Cj1iSuu2mY5jqbYHqh9gF5ERXLiYj1z,394777136,3
2gDeeRa3mwPPtw1CMWPkEhRWo9v5izNBBfEXanr8uibX,394777136,4
DZVySotZvrvJyVAcgjFtUDm93zoCaq9wBruMAUz83CWW,394777136,3
Crg1X8FftV44NmwfFvgREjanBQmyyS7NEu6duLU7Cyy6,394777136,3
3KiDz3wuZrJfsgKt5KEvRb1WPpbci1PWj78aPVF5ei3F,394777136,4
HpcB5Qg8Y9E73dUkot5e8HkgAJbExsYeUzniY4bCuKac,394777136,12
6JKwz43wDTgk5n8eNCJrtsnNtkDdKd1XUZAvB9WkiEQ4,394777136,4
DP9iBgK9c7tJYb83KhxQMFNc1LXYu7nE7EhWpEzQnjmg,394777136,3
91oPXTs2oq8VvJpQ5TnvXakFGnnJSpEB6HFWDtSctwMt,394777136,5
4QNekaDqrLmUENqkVhGCJrgHziPxkX9kridbKwunx9su,394777136,3
43Am3PKFeo9cACpqYL5Sk95rpVdxLw3Mc22PqRqZXEW2,394777136,5
8augxYLUge2iWmitQMwbcBL5VQEpsM6aJdRofhwpnzyw,394777136,3
8tjFeSApQ85ThoQXT28acfF2KUfQr3TvTdirSkzNnYC7,394777136,10
BCeczqpTRPigndHVJu1KEzno1Uhb4hjrE7ttmAndrV1p,394777136,10
HM1KjNaXa4w8K4gCXbieoMh5gUTNeUhg9fvdXMKeBW3L,394777136,4
sbidYi7fbif6qNsMpwBKvyF5DKcLCbjaegpADsKqNux,394777136,3
BR1aTt4ZZUCwWJDkSYf1hqkYJjo7Mb7Ar8iVTkeSwUB8,394777136,3
hy1oMaD3ViyJ8i6w1xjP79zAWBBaRd1zWdTW8zYXnwu,394777136,5
UMi1r5J3SagSu4HC3waB3YFzbXi82rRSScgW2e8NTfr,394777136,7
HnwMGBAw5PxaX56eSYc969MorEy2NzEMPLkmBkdnJmeq,394777136,3
GFXVa19rX6iwfs3sLS5UvX9Exu2usRsG4V5MRMDRo23V,394777136,3
bookoVmqw4QjVj5BbkFacouadx9M7816wyRkfM7A5Lo,394777136,7
6y7V8dL673XFzm9QyC5vvh3itWkp7wztahBd2yDqsyrK,394777136,5
FZ4MT1HYJHd9GK8D5mJ9f3r7irLaDL5NxBNLjGqrLqs9,394777136,3
32jCuWyy4aJjyv4gd4DSGBHmFU5KUSSfqbmPb9GpMin6,394777136,3
EQhTjikb1L2jvxsCaSW2o2TuRXh4Do6HzBEWCxpeM44W,394777136,3
8cqck84coxk8TGXYBD95QosKCEA6fKwXLevcEv3oGmu8,394777136,3
9hQqNe3DQTiwhspatewA8EXhz12e6sq5UJVJ2qNRwnTf,394777136,6
G1bLKfyNm7zsmmYEL9dyxBvMtxpFcwy2s84bHDj2ZFUY,394777136,3
BSGMRbK97DcgLe4u4kfNQnmTVZGVnwdtKQBJqWRBTZxU,394777136,3
6qwYjs5vCSEKaTMBbHinnW8fvdGj1r8cpzPoAV1EHKsw,394777136,3
6yFGGAgYpBxgYPuHW4rv7hJmhKrUiXKyHkpVGaYtKrwE,394777136,4
ADjyeNzWd8yhEjCVyAqT87eqoyGRbimERQsNhFQcXjop,394777136,4
juigBT2qetpYpf1iwgjaiWTjryKkY3uUTVAnRFKkqY6,394777136,13
8ebFZA8NPLBZD91CwsG1HWQsa2B5Ludgdyf5Hi3sYhhs,394777136,5
eyeYaqg9e2L6xw7YwsSLm27eWJfhLNAm6ETQm8TXNoK,394777136,7
kyzzzgRymGpePUsLyr48kQHt53kh5CSfRH1qfvz1xgj,394777136,3
DKSy9mQn63487j7oXHxqmykLEYUA3akTHm1QNPgDLGN8,394777136,4
5ivRNcK1yThcK3koZR1oikAfuNm6rj1LceMskayoVSzc,394777136,4
LunaowJnt875WWoqDkhHhE93SNYHa6tfFNVn1rqc57c,394777136,4
6NDen7aDi65apHo8m1Vea4nuS6LyjQeM6pDNqcW4Q5Pg,394777136,5
scs1NCSTafrUX6RBx113B9YDCepo1QdEzU8WwEkf25i,394777136,3
uxqVAFQfox97HazsPtkKiwhypQH6jEGXkQBHDtXshrk,394777136,6
B94PGWcxE9iEDov8sZobTkqEY96Yb5gfcsYWSWpQxh6S,394777136,3
4mzLWNgBX67zVwTykNnq96Z6KQLc8UyV5Q35EfVCDifC,394777136,3
dxa6QFqLcByyHykLCAW5tv1VYNVQFV3v6oovM2h8inH,394777136,4
HkeGtr3nqfrm76gXiXij8KsyE6b9HK2vGFNJFEvBYESB,394777137,975
BNtHBLo1L2vAG7PBQ6mJvWz7GqVPxBnioXsY2Gjtubrg,394777137,22
3cZSHGfNdaULpFAvGbWbxpVwzXB4gHdk8NFucPNR5pgA,394777137,6
hy1oMaD3ViyJ8i6w1xjP79zAWBBaRd1zWdTW8zYXnwu,394777137,3
bookoVmqw4QjVj5BbkFacouadx9M7816wyRkfM7A5Lo,394777137,7
sbidYi7fbif6qNsMpwBKvyF5DKcLCbjaegpADsKqNux,394777137,3
EdFUcP2f6j9iBg5BqsgJn3WDr1JieiKCo41hZ5Zrsk6w,394777137,3
eyeYaqg9e2L6xw7YwsSLm27eWJfhLNAm6ETQm8TXNoK,394777137,4
scs1NCSTafrUX6RBx113B9YDCepo1QdEzU8WwEkf25i,394777137,3
6NDen7aDi65apHo8m1Vea4nuS6LyjQeM6pDNqcW4Q5Pg,394777137,5
8ebFZA8NPLBZD91CwsG1HWQsa2B5Ludgdyf5Hi3sYhhs,394777137,4
4QNekaDqrLmUENqkVhGCJrgHziPxkX9kridbKwunx9su,394777137,3
CVvaeDPR2o7P1eawG5c9TPFLzSXAewwPovPmREaEL4Cm,394777137,9
74Xkp2iLXm315h69sFRiCFjmKnaWkMV8W2LgJwPRSgN5,394777137,4
6y7V8dL673XFzm9QyC5vvh3itWkp7wztahBd2yDqsyrK,394777137,3
43Am3PKFeo9cACpqYL5Sk95rpVdxLw3Mc22PqRqZXEW2,394777137,4
6yFGGAgYpBxgYPuHW4rv7hJmhKrUiXKyHkpVGaYtKrwE,394777137,3
HpcB5Qg8Y9E73dUkot5e8HkgAJbExsYeUzniY4bCuKac,394777137,7
2gDeeRa3mwPPtw1CMWPkEhRWo9v5izNBBfEXanr8uibX,394777137,4
FZ4MT1HYJHd9GK8D5mJ9f3r7irLaDL5NxBNLjGqrLqs9,394777137,3
8cqck84coxk8TGXYBD95QosKCEA6fKwXLevcEv3oGmu8,394777137,3
5ivRNcK1yThcK3koZR1oikAfuNm6rj1LceMskayoVSzc,394777137,4
91oPXTs2oq8VvJpQ5TnvXakFGnnJSpEB6HFWDtSctwMt,394777137,4
CwyVpfmfSiMeCexi3JgUNvaiDfYN14cLDjzT99zcBuD2,394777137,3
4mzLWNgBX67zVwTykNnq96Z6KQLc8UyV5Q35EfVCDifC,394777137,3
PoN1E3VyqwqoGQEhC8ExpkRKTuyhxtGLnHHH3DwbgTU,394777137,4
8tjFeSApQ85ThoQXT28acfF2KUfQr3TvTdirSkzNnYC7,394777137,3
BCeczqpTRPigndHVJu1KEzno1Uhb4hjrE7ttmAndrV1p,394777137,3
HkeGtr3nqfrm76gXiXij8KsyE6b9HK2vGFNJFEvBYESB,394777138,1036
BNtHBLo1L2vAG7PBQ6mJvWz7GqVPxBnioXsY2Gjtubrg,394777138,24
hy1oMaD3ViyJ8i6w1xjP79zAWBBaRd1zWdTW8zYXnwu,394777138,5
BSGMRbK97DcgLe4u4kfNQnmTVZGVnwdtKQBJqWRBTZxU,394777138,3
scs1NCSTafrUX6RBx113B9YDCepo1QdEzU8WwEkf25i,394777138,4
1unarWPGGseFag2WfnoFv8o9P7vTPU8eHex9GinP3eY,394777138,3
juigBT2qetpYpf1iwgjaiWTjryKkY3uUTVAnRFKkqY6,394777138,12
2Rv9npqdWE1mLPsT1r2obn3xtKmA5afkxt8GsWeLnKoc,394777138,14
4QNekaDqrLmUENqkVhGCJrgHziPxkX9kridbKwunx9su,394777138,3
SoLiDJGk4WkdinyLiRWjkFbgLUhjL3idGJK8H1rUWqH,394777138,4
3cZSHGfNdaULpFAvGbWbxpVwzXB4gHdk8NFucPNR5pgA,394777138,5
6NDen7aDi65apHo8m1Vea4nuS6LyjQeM6pDNqcW4Q5Pg,394777138,5
bookoVmqw4QjVj5BbkFacouadx9M7816wyRkfM7A5Lo,394777138,8
eyeYaqg9e2L6xw7YwsSLm27eWJfhLNAm6ETQm8TXNoK,394777138,4
UMi1r5J3SagSu4HC3waB3YFzbXi82rRSScgW2e8NTfr,394777138,4
BCeczqpTRPigndHVJu1KEzno1Uhb4hjrE7ttmAndrV1p,394777138,5
uxqVAFQfox97HazsPtkKiwhypQH6jEGXkQBHDtXshrk,394777138,5
8tjFeSApQ85ThoQXT28acfF2KUfQr3TvTdirSkzNnYC7,394777138,5
DKSy9mQn63487j7oXHxqmykLEYUA3akTHm1QNPgDLGN8,394777138,3
KAoSp3EudGqUBXv46tQoDwbZxSm3iXa9wM2aF4ySbJJ,394777138,5
MRGSoA53J7i4WidVHTxawPyKdr26LdVYCywnrUZ6auT,394777138,3
2Le6TjeEescF87qDA8Ftdz6U8Kq6SNVwoLJLhzBCHUr5,394777138,3
sbidYi7fbif6qNsMpwBKvyF5DKcLCbjaegpADsKqNux,394777138,3
8aPHvzVV91jZF948tykkoF6WfgLHppNfG8Z3V4gCrDix,394777138,4
CVvaeDPR2o7P1eawG5c9TPFLzSXAewwPovPmREaEL4Cm,394777138,11
9hQqNe3DQTiwhspatewA8EXhz12e6sq5UJVJ2qNRwnTf,394777138,3
EdFUcP2f6j9iBg5BqsgJn3WDr1JieiKCo41hZ5Zrsk6w,394777138,4
B94PGWcxE9iEDov8sZobTkqEY96Yb5gfcsYWSWpQxh6S,394777138,4
3YX7PQuESmR2h95FDgjahEQjyCBhmY1Ts2MsrM1Kg9DS,394777138,3
6qwYjs5vCSEKaTMBbHinnW8fvdGj1r8cpzPoAV1EHKsw,394777138,4
5LNEDitSMhApT2uFnmtN7FmjCiGuatpnb2uU4f3shrk,394777138,3
DP9iBgK9c7tJYb83KhxQMFNc1LXYu7nE7EhWpEzQnjmg,394777138,4
HM1KjNaXa4w8K4gCXbieoMh5gUTNeUhg9fvdXMKeBW3L,394777138,4
G1bLKfyNm7zsmmYEL9dyxBvMtxpFcwy2s84bHDj2ZFUY,394777138,4
mrgn28BhocwdAUEenen3Sw2MR9cPKDpLkDvzDdR7DBD,394777138,3
KAW1LjxH73tRBd1XsaqsRsgeERFkg4WpdXUSqR4QjkW,394777138,3
Gd33fENP1XsBimff41s1EWrs2kmqfGQqEJ5CQPQB3Jwy,394777138,4
dxa6QFqLcByyHykLCAW5tv1VYNVQFV3v6oovM2h8inH,394777138,4
2UBhtRuyr9nvWsUnrbWrvJiYWEU8TVBD4PLYQJKiRa9H,394777138,3
74Xkp2iLXm315h69sFRiCFjmKnaWkMV8W2LgJwPRSgN5,394777138,4
FZ4MT1HYJHd9GK8D5mJ9f3r7irLaDL5NxBNLjGqrLqs9,394777138,3
5ivRNcK1yThcK3koZR1oikAfuNm6rj1LceMskayoVSzc,394777138,4
91oPXTs2oq8VvJpQ5TnvXakFGnnJSpEB6HFWDtSctwMt,394777138,4
2gDeeRa3mwPPtw1CMWPkEhRWo9v5izNBBfEXanr8uibX,394777138,4
8cqck84coxk8TGXYBD95QosKCEA6fKwXLevcEv3oGmu8,394777138,3
4mzLWNgBX67zVwTykNnq96Z6KQLc8UyV5Q35EfVCDifC,394777138,3
PoN1E3VyqwqoGQEhC8ExpkRKTuyhxtGLnHHH3DwbgTU,394777138,4
43Am3PKFeo9cACpqYL5Sk95rpVdxLw3Mc22PqRqZXEW2,394777138,4
CwyVpfmfSiMeCexi3JgUNvaiDfYN14cLDjzT99zcBuD2,394777138,3
HpcB5Qg8Y9E73dUkot5e8HkgAJbExsYeUzniY4bCuKac,394777138,7
6yFGGAgYpBxgYPuHW4rv7hJmhKrUiXKyHkpVGaYtKrwE,394777138,3
8ebFZA8NPLBZD91CwsG1HWQsa2B5Ludgdyf5Hi3sYhhs,394777138,3
HkeGtr3nqfrm76gXiXij8KsyE6b9HK2vGFNJFEvBYESB,394777139,830
EdFUcP2f6j9iBg5BqsgJn3WDr1JieiKCo41hZ5Zrsk6w,394777139,4
sbidYi7fbif6qNsMpwBKvyF5DKcLCbjaegpADsKqNux,394777139,3
BNtHBLo1L2vAG7PBQ6mJvWz7GqVPxBnioXsY2Gjtubrg,394777139,23
2Rv9npqdWE1mLPsT1r2obn3xtKmA5afkxt8GsWeLnKoc,394777139,11
8tjFeSApQ85ThoQXT28acfF2KUfQr3TvTdirSkzNnYC7,394777139,7
3cZSHGfNdaULpFAvGbWbxpVwzXB4gHdk8NFucPNR5pgA,394777139,5
icex1C6pnZxznQWiHZZANjGU8nZ8kNquFnjyY7XXrXE,394777139,3
ADjyeNzWd8yhEjCVyAqT87eqoyGRbimERQsNhFQcXjop,394777139,4
novaeuhY2JH2WHhc9KVTHDx2cyJZdXJC6faf4CtARZn,394777139,3
HnwMGBAw5PxaX56eSYc969MorEy2NzEMPLkmBkdnJmeq,394777139,4
hy1oMaD3ViyJ8i6w1xjP79zAWBBaRd1zWdTW8zYXnwu,394777139,4
6NDen7aDi65apHo8m1Vea4nuS6LyjQeM6pDNqcW4Q5Pg,394777139,5
BCeczqpTRPigndHVJu1KEzno1Uhb4hjrE7ttmAndrV1p,394777139,7
bookoVmqw4QjVj5BbkFacouadx9M7816wyRkfM7A5Lo,394777139,6
DKSy9mQn63487j7oXHxqmykLEYUA3akTHm1QNPgDLGN8,394777139,3
9hQqNe3DQTiwhspatewA8EXhz12e6sq5UJVJ2qNRwnTf,394777139,3
eyeYaqg9e2L6xw7YwsSLm27eWJfhLNAm6ETQm8TXNoK,394777139,6
6y7V8dL673XFzm9QyC5vvh3itWkp7wztahBd2yDqsyrK,394777139,4
juigBT2qetpYpf1iwgjaiWTjryKkY3uUTVAnRFKkqY6,394777139,8
B94PGWcxE9iEDov8sZobTkqEY96Yb5gfcsYWSWpQxh6S,394777139,4
SoLiDJGk4WkdinyLiRWjkFbgLUhjL3idGJK8H1rUWqH,394777139,3
4QNekaDqrLmUENqkVhGCJrgHziPxkX9kridbKwunx9su,394777139,4
CVvaeDPR2o7P1eawG5c9TPFLzSXAewwPovPmREaEL4Cm,394777139,10
dxa6QFqLcByyHykLCAW5tv1VYNVQFV3v6oovM2h8inH,394777139,4
8cqck84coxk8TGXYBD95QosKCEA6fKwXLevcEv3oGmu8,394777139,3
PoN1E3VyqwqoGQEhC8ExpkRKTuyhxtGLnHHH3DwbgTU,394777139,4
4mzLWNgBX67zVwTykNnq96Z6KQLc8UyV5Q35EfVCDifC,394777139,3
74Xkp2iLXm315h69sFRiCFjmKnaWkMV8W2LgJwPRSgN5,394777139,4
HM1KjNaXa4w8K4gCXbieoMh5gUTNeUhg9fvdXMKeBW3L,394777139,3
43Am3PKFeo9cACpqYL5Sk95rpVdxLw3Mc22PqRqZXEW2,394777139,4
HpcB5Qg8Y9E73dUkot5e8HkgAJbExsYeUzniY4bCuKac,394777139,7
FZ4MT1HYJHd9GK8D5mJ9f3r7irLaDL5NxBNLjGqrLqs9,394777139,3
5ivRNcK1yThcK3koZR1oikAfuNm6rj1LceMskayoVSzc,394777139,4
G1bLKfyNm7zsmmYEL9dyxBvMtxpFcwy2s84bHDj2ZFUY,394777139,3
2gDeeRa3mwPPtw1CMWPkEhRWo9v5izNBBfEXanr8uibX,394777139,4
CwyVpfmfSiMeCexi3JgUNvaiDfYN14cLDjzT99zcBuD2,394777139,3
91oPXTs2oq8VvJpQ5TnvXakFGnnJSpEB6HFWDtSctwMt,394777139,4
6yFGGAgYpBxgYPuHW4rv7hJmhKrUiXKyHkpVGaYtKrwE,394777139,3
6qwYjs5vCSEKaTMBbHinnW8fvdGj1r8cpzPoAV1EHKsw,394777139,3
KAoSp3EudGqUBXv46tQoDwbZxSm3iXa9wM2aF4ySbJJ,394777139,3
UMi1r5J3SagSu4HC3waB3YFzbXi82rRSScgW2e8NTfr,394777139,3
8ebFZA8NPLBZD91CwsG1HWQsa2B5Ludgdyf5Hi3sYhhs,394777139,3
uxqVAFQfox97HazsPtkKiwhypQH6jEGXkQBHDtXshrk,394777139,3